Workbook

Sheet DASHBOARD
A1: 🏢 TENANT MANAGEMENT DASHBOARD
A2: =_xlfn.TEXTJOIN(" · ",TRUE,"Report Date:",TEXT(TODAY(),"DD MMMM YYYY"))
A4: KEY PERFORMANCE INDICATORS
A5: TOTAL UNITS | C5: ACTIVE LEASES | E5: EXPIRING ≤ 30 DAYS | G5: EXPIRED | I5: TOTAL MONTHLY RENT | K5: TOTAL ANNUAL RENT | M5: OCCUPANCY RATE
A6: =COUNTA(TENANTS!B4:B53) | C6: =COUNTIF(TENANTS!R4:R53,"Active")+COUNTIF(TENANTS!R4:R53,"Active - Review") | E6: =COUNTIF(TENANTS!R4:R53,"Expiring Soon") | G6: =COUNTIF(TENANTS!R4:R53,"Expired") | I6: =SUMIF(TENANTS!R4:R53,"Active",TENANTS!L4:L53)+SUMIF(TENANTS!R4:R53,"Active - Review",TENANTS!L4:L53) | K6: =(SUMIF(TENANTS!R4:R53,"Active",TENANTS!L4:L53)+SUMIF(TENANTS!R4:R53,"Active - Review",TENANTS!L4:L53))*12 | M6: =IFERROR((COUNTIF(TENANTS!R4:R53,"Active")+COUNTIF(TENANTS!R4:R53,"Active - Review"))/COUNTA(TENANTS!B4:B53),0)
A9: Registered tenants | C9: Currently running | E9: Urgent renewals needed | G9: Requires action | I9: Active leases (GHS) | K9: Projected full year (GHS) | M9: Active / Total registered
A11: EXPIRY WATCH — Leases expiring within 90 days
A12: Tenant ID | C12: Tenant Name | F12: Unit No. | H12: Lease End | J12: Days Left | L12: Status
A13: =IFERROR(INDEX(TENANTS!A$4:A$53,MATCH(SMALL(IF((TENANTS!Q$4:Q$53>=0)*(TENANTS!Q$4:Q$53<=90),TENANTS!Q$4:Q$53),1),TENANTS!Q$4:Q$53,0)),"—") | C13: =IFERROR(INDEX(TENANTS!B$4:B$53,MATCH(SMALL(IF((TENANTS!Q$4:Q$53>=0)*(TENANTS!Q$4:Q$53<=90),TENANTS!Q$4:Q$53),1),TENANTS!Q$4:Q$53,0)),"—") | F13: =IFERROR(INDEX(TENANTS!F$4:F$53,MATCH(SMALL(IF((TENANTS!Q$4:Q$53>=0)*(TENANTS!Q$4:Q$53<=90),TENANTS!Q$4:Q$53),1),TENANTS!Q$4:Q$53,0)),"—") | H13: =IFERROR(INDEX(TENANTS!J$4:J$53,MATCH(SMALL(IF((TENANTS!Q$4:Q$53>=0)*(TENANTS!Q$4:Q$53<=90),TENANTS!Q$4:Q$53),1),TENANTS!Q$4:Q$53,0)),"—") | J13: =IFERROR(SMALL(IF((TENANTS!Q$4:Q$53>=0)*(TENANTS!Q$4:Q$53<=90),TENANTS!Q$4:Q$53),1),"—") | L13: =IFERROR(INDEX(TENANTS!R$4:R$53,MATCH(SMALL(IF((TENANTS!Q$4:Q$53>=0)*(TENANTS!Q$4:Q$53<=90),TENANTS!Q$4:Q$53),1),TENANTS!Q$4:Q$53,0)),"—")
A14: =IFERROR(INDEX(TENANTS!A$4:A$53,MATCH(SMALL(IF((TENANTS!Q$4:Q$53>=0)*(TENANTS!Q$4:Q$53<=90),TENANTS!Q$4:Q$53),2),TENANTS!Q$4:Q$53,0)),"—") | C14: =IFERROR(INDEX(TENANTS!B$4:B$53,MATCH(SMALL(IF((TENANTS!Q$4:Q$53>=0)*(TENANTS!Q$4:Q$53<=90),TENANTS!Q$4:Q$53),2),TENANTS!Q$4:Q$53,0)),"—") | F14: =IFERROR(INDEX(TENANTS!F$4:F$53,MATCH(SMALL(IF((TENANTS!Q$4:Q$53>=0)*(TENANTS!Q$4:Q$53<=90),TENANTS!Q$4:Q$53),2),TENANTS!Q$4:Q$53,0)),"—") | H14: =IFERROR(INDEX(TENANTS!J$4:J$53,MATCH(SMALL(IF((TENANTS!Q$4:Q$53>=0)*(TENANTS!Q$4:Q$53<=90),TENANTS!Q$4:Q$53),2),TENANTS!Q$4:Q$53,0)),"—") | J14: =IFERROR(SMALL(IF((TENANTS!Q$4:Q$53>=0)*(TENANTS!Q$4:Q$53<=90),TENANTS!Q$4:Q$53),2),"—") | L14: =IFERROR(INDEX(TENANTS!R$4:R$53,MATCH(SMALL(IF((TENANTS!Q$4:Q$53>=0)*(TENANTS!Q$4:Q$53<=90),TENANTS!Q$4:Q$53),2),TENANTS!Q$4:Q$53,0)),"—")
A15: =IFERROR(INDEX(TENANTS!A$4:A$53,MATCH(SMALL(IF((TENANTS!Q$4:Q$53>=0)*(TENANTS!Q$4:Q$53<=90),TENANTS!Q$4:Q$53),3),TENANTS!Q$4:Q$53,0)),"—") | C15: =IFERROR(INDEX(TENANTS!B$4:B$53,MATCH(SMALL(IF((TENANTS!Q$4:Q$53>=0)*(TENANTS!Q$4:Q$53<=90),TENANTS!Q$4:Q$53),3),TENANTS!Q$4:Q$53,0)),"—") | F15: =IFERROR(INDEX(TENANTS!F$4:F$53,MATCH(SMALL(IF((TENANTS!Q$4:Q$53>=0)*(TENANTS!Q$4:Q$53<=90),TENANTS!Q$4:Q$53),3),TENANTS!Q$4:Q$53,0)),"—") | H15: =IFERROR(INDEX(TENANTS!J$4:J$53,MATCH(SMALL(IF((TENANTS!Q$4:Q$53>=0)*(TENANTS!Q$4:Q$53<=90),TENANTS!Q$4:Q$53),3),TENANTS!Q$4:Q$53,0)),"—") | J15: =IFERROR(SMALL(IF((TENANTS!Q$4:Q$53>=0)*(TENANTS!Q$4:Q$53<=90),TENANTS!Q$4:Q$53),3),"—") | L15: =IFERROR(INDEX(TENANTS!R$4:R$53,MATCH(SMALL(IF((TENANTS!Q$4:Q$53>=0)*(TENANTS!Q$4:Q$53<=90),TENANTS!Q$4:Q$53),3),TENANTS!Q$4:Q$53,0)),"—")
A16: =IFERROR(INDEX(TENANTS!A$4:A$53,MATCH(SMALL(IF((TENANTS!Q$4:Q$53>=0)*(TENANTS!Q$4:Q$53<=90),TENANTS!Q$4:Q$53),4),TENANTS!Q$4:Q$53,0)),"—") | C16: =IFERROR(INDEX(TENANTS!B$4:B$53,MATCH(SMALL(IF((TENANTS!Q$4:Q$53>=0)*(TENANTS!Q$4:Q$53<=90),TENANTS!Q$4:Q$53),4),TENANTS!Q$4:Q$53,0)),"—") | F16: =IFERROR(INDEX(TENANTS!F$4:F$53,MATCH(SMALL(IF((TENANTS!Q$4:Q$53>=0)*(TENANTS!Q$4:Q$53<=90),TENANTS!Q$4:Q$53),4),TENANTS!Q$4:Q$53,0)),"—") | H16: =IFERROR(INDEX(TENANTS!J$4:J$53,MATCH(SMALL(IF((TENANTS!Q$4:Q$53>=0)*(TENANTS!Q$4:Q$53<=90),TENANTS!Q$4:Q$53),4),TENANTS!Q$4:Q$53,0)),"—") | J16: =IFERROR(SMALL(IF((TENANTS!Q$4:Q$53>=0)*(TENANTS!Q$4:Q$53<=90),TENANTS!Q$4:Q$53),4),"—") | L16: =IFERROR(INDEX(TENANTS!R$4:R$53,MATCH(SMALL(IF((TENANTS!Q$4:Q$53>=0)*(TENANTS!Q$4:Q$53<=90),TENANTS!Q$4:Q$53),4),TENANTS!Q$4:Q$53,0)),"—")
A17: =IFERROR(INDEX(TENANTS!A$4:A$53,MATCH(SMALL(IF((TENANTS!Q$4:Q$53>=0)*(TENANTS!Q$4:Q$53<=90),TENANTS!Q$4:Q$53),5),TENANTS!Q$4:Q$53,0)),"—") | C17: =IFERROR(INDEX(TENANTS!B$4:B$53,MATCH(SMALL(IF((TENANTS!Q$4:Q$53>=0)*(TENANTS!Q$4:Q$53<=90),TENANTS!Q$4:Q$53),5),TENANTS!Q$4:Q$53,0)),"—") | F17: =IFERROR(INDEX(TENANTS!F$4:F$53,MATCH(SMALL(IF((TENANTS!Q$4:Q$53>=0)*(TENANTS!Q$4:Q$53<=90),TENANTS!Q$4:Q$53),5),TENANTS!Q$4:Q$53,0)),"—") | H17: =IFERROR(INDEX(TENANTS!J$4:J$53,MATCH(SMALL(IF((TENANTS!Q$4:Q$53>=0)*(TENANTS!Q$4:Q$53<=90),TENANTS!Q$4:Q$53),5),TENANTS!Q$4:Q$53,0)),"—") | J17: =IFERROR(SMALL(IF((TENANTS!Q$4:Q$53>=0)*(TENANTS!Q$4:Q$53<=90),TENANTS!Q$4:Q$53),5),"—") | L17: =IFERROR(INDEX(TENANTS!R$4:R$53,MATCH(SMALL(IF((TENANTS!Q$4:Q$53>=0)*(TENANTS!Q$4:Q$53<=90),TENANTS!Q$4:Q$53),5),TENANTS!Q$4:Q$53,0)),"—")
A18: =IFERROR(INDEX(TENANTS!A$4:A$53,MATCH(SMALL(IF((TENANTS!Q$4:Q$53>=0)*(TENANTS!Q$4:Q$53<=90),TENANTS!Q$4:Q$53),6),TENANTS!Q$4:Q$53,0)),"—") | C18: =IFERROR(INDEX(TENANTS!B$4:B$53,MATCH(SMALL(IF((TENANTS!Q$4:Q$53>=0)*(TENANTS!Q$4:Q$53<=90),TENANTS!Q$4:Q$53),6),TENANTS!Q$4:Q$53,0)),"—") | F18: =IFERROR(INDEX(TENANTS!F$4:F$53,MATCH(SMALL(IF((TENANTS!Q$4:Q$53>=0)*(TENANTS!Q$4:Q$53<=90),TENANTS!Q$4:Q$53),6),TENANTS!Q$4:Q$53,0)),"—") | H18: =IFERROR(INDEX(TENANTS!J$4:J$53,MATCH(SMALL(IF((TENANTS!Q$4:Q$53>=0)*(TENANTS!Q$4:Q$53<=90),TENANTS!Q$4:Q$53),6),TENANTS!Q$4:Q$53,0)),"—") | J18: =IFERROR(SMALL(IF((TENANTS!Q$4:Q$53>=0)*(TENANTS!Q$4:Q$53<=90),TENANTS!Q$4:Q$53),6),"—") | L18: =IFERROR(INDEX(TENANTS!R$4:R$53,MATCH(SMALL(IF((TENANTS!Q$4:Q$53>=0)*(TENANTS!Q$4:Q$53<=90),TENANTS!Q$4:Q$53),6),TENANTS!Q$4:Q$53,0)),"—")
A19: =IFERROR(INDEX(TENANTS!A$4:A$53,MATCH(SMALL(IF((TENANTS!Q$4:Q$53>=0)*(TENANTS!Q$4:Q$53<=90),TENANTS!Q$4:Q$53),7),TENANTS!Q$4:Q$53,0)),"—") | C19: =IFERROR(INDEX(TENANTS!B$4:B$53,MATCH(SMALL(IF((TENANTS!Q$4:Q$53>=0)*(TENANTS!Q$4:Q$53<=90),TENANTS!Q$4:Q$53),7),TENANTS!Q$4:Q$53,0)),"—") | F19: =IFERROR(INDEX(TENANTS!F$4:F$53,MATCH(SMALL(IF((TENANTS!Q$4:Q$53>=0)*(TENANTS!Q$4:Q$53<=90),TENANTS!Q$4:Q$53),7),TENANTS!Q$4:Q$53,0)),"—") | H19: =IFERROR(INDEX(TENANTS!J$4:J$53,MATCH(SMALL(IF((TENANTS!Q$4:Q$53>=0)*(TENANTS!Q$4:Q$53<=90),TENANTS!Q$4:Q$53),7),TENANTS!Q$4:Q$53,0)),"—") | J19: =IFERROR(SMALL(IF((TENANTS!Q$4:Q$53>=0)*(TENANTS!Q$4:Q$53<=90),TENANTS!Q$4:Q$53),7),"—") | L19: =IFERROR(INDEX(TENANTS!R$4:R$53,MATCH(SMALL(IF((TENANTS!Q$4:Q$53>=0)*(TENANTS!Q$4:Q$53<=90),TENANTS!Q$4:Q$53),7),TENANTS!Q$4:Q$53,0)),"—")
A20: =IFERROR(INDEX(TENANTS!A$4:A$53,MATCH(SMALL(IF((TENANTS!Q$4:Q$53>=0)*(TENANTS!Q$4:Q$53<=90),TENANTS!Q$4:Q$53),8),TENANTS!Q$4:Q$53,0)),"—") | C20: =IFERROR(INDEX(TENANTS!B$4:B$53,MATCH(SMALL(IF((TENANTS!Q$4:Q$53>=0)*(TENANTS!Q$4:Q$53<=90),TENANTS!Q$4:Q$53),8),TENANTS!Q$4:Q$53,0)),"—") | F20: =IFERROR(INDEX(TENANTS!F$4:F$53,MATCH(SMALL(IF((TENANTS!Q$4:Q$53>=0)*(TENANTS!Q$4:Q$53<=90),TENANTS!Q$4:Q$53),8),TENANTS!Q$4:Q$53,0)),"—") | H20: =IFERROR(INDEX(TENANTS!J$4:J$53,MATCH(SMALL(IF((TENANTS!Q$4:Q$53>=0)*(TENANTS!Q$4:Q$53<=90),TENANTS!Q$4:Q$53),8),TENANTS!Q$4:Q$53,0)),"—") | J20: =IFERROR(SMALL(IF((TENANTS!Q$4:Q$53>=0)*(TENANTS!Q$4:Q$53<=90),TENANTS!Q$4:Q$53),8),"—") | L20: =IFERROR(INDEX(TENANTS!R$4:R$53,MATCH(SMALL(IF((TENANTS!Q$4:Q$53>=0)*(TENANTS!Q$4:Q$53<=90),TENANTS!Q$4:Q$53),8),TENANTS!Q$4:Q$53,0)),"—")
A21: =IFERROR(INDEX(TENANTS!A$4:A$53,MATCH(SMALL(IF((TENANTS!Q$4:Q$53>=0)*(TENANTS!Q$4:Q$53<=90),TENANTS!Q$4:Q$53),9),TENANTS!Q$4:Q$53,0)),"—") | C21: =IFERROR(INDEX(TENANTS!B$4:B$53,MATCH(SMALL(IF((TENANTS!Q$4:Q$53>=0)*(TENANTS!Q$4:Q$53<=90),TENANTS!Q$4:Q$53),9),TENANTS!Q$4:Q$53,0)),"—") | F21: =IFERROR(INDEX(TENANTS!F$4:F$53,MATCH(SMALL(IF((TENANTS!Q$4:Q$53>=0)*(TENANTS!Q$4:Q$53<=90),TENANTS!Q$4:Q$53),9),TENANTS!Q$4:Q$53,0)),"—") | H21: =IFERROR(INDEX(TENANTS!J$4:J$53,MATCH(SMALL(IF((TENANTS!Q$4:Q$53>=0)*(TENANTS!Q$4:Q$53<=90),TENANTS!Q$4:Q$53),9),TENANTS!Q$4:Q$53,0)),"—") | J21: =IFERROR(SMALL(IF((TENANTS!Q$4:Q$53>=0)*(TENANTS!Q$4:Q$53<=90),TENANTS!Q$4:Q$53),9),"—") | L21: =IFERROR(INDEX(TENANTS!R$4:R$53,MATCH(SMALL(IF((TENANTS!Q$4:Q$53>=0)*(TENANTS!Q$4:Q$53<=90),TENANTS!Q$4:Q$53),9),TENANTS!Q$4:Q$53,0)),"—")
A22: =IFERROR(INDEX(TENANTS!A$4:A$53,MATCH(SMALL(IF((TENANTS!Q$4:Q$53>=0)*(TENANTS!Q$4:Q$53<=90),TENANTS!Q$4:Q$53),10),TENANTS!Q$4:Q$53,0)),"—") | C22: =IFERROR(INDEX(TENANTS!B$4:B$53,MATCH(SMALL(IF((TENANTS!Q$4:Q$53>=0)*(TENANTS!Q$4:Q$53<=90),TENANTS!Q$4:Q$53),10),TENANTS!Q$4:Q$53,0)),"—") | F22: =IFERROR(INDEX(TENANTS!F$4:F$53,MATCH(SMALL(IF((TENANTS!Q$4:Q$53>=0)*(TENANTS!Q$4:Q$53<=90),TENANTS!Q$4:Q$53),10),TENANTS!Q$4:Q$53,0)),"—") | H22: =IFERROR(INDEX(TENANTS!J$4:J$53,MATCH(SMALL(IF((TENANTS!Q$4:Q$53>=0)*(TENANTS!Q$4:Q$53<=90),TENANTS!Q$4:Q$53),10),TENANTS!Q$4:Q$53,0)),"—") | J22: =IFERROR(SMALL(IF((TENANTS!Q$4:Q$53>=0)*(TENANTS!Q$4:Q$53<=90),TENANTS!Q$4:Q$53),10),"—") | L22: =IFERROR(INDEX(TENANTS!R$4:R$53,MATCH(SMALL(IF((TENANTS!Q$4:Q$53>=0)*(TENANTS!Q$4:Q$53<=90),TENANTS!Q$4:Q$53),10),TENANTS!Q$4:Q$53,0)),"—")
A24: PORTFOLIO OVERVIEW — Lease status breakdown
A25: Active | C25: Active - Review | E25: Expiring Soon | G25: Expired | I25: Terminated | K25: Vacant
A26: =COUNTIF(TENANTS!R$4:R$53,"Active") | C26: =COUNTIF(TENANTS!R$4:R$53,"Active - Review") | E26: =COUNTIF(TENANTS!R$4:R$53,"Expiring Soon") | G26: =COUNTIF(TENANTS!R$4:R$53,"Expired") | I26: =COUNTIF(TENANTS!R$4:R$53,"Terminated") | K26: =COUNTIF(TENANTS!R$4:R$53,"Vacant")
A29: HOW TO USE THIS WORKBOOK
A30: 1 | B30: Go to the TENANTS sheet to register each tenant. Fill in all yellow cells. Formula cells (blue text) calculate automatically.
A31: 2 | B31: Go to the AGREEMENTS sheet to record each lease agreement. Add a new row for each renewal — do NOT overwrite old rows. This gives you a full history.
A32: 3 | B32: The DASHBOARD updates automatically. The Expiry Watch section shows the 10 soonest-expiring leases within 90 days.
A33: 4 | B33: Status is automatic: Active → Expiring Soon (≤30 days) → Expired. 'Active - Review' means the lease ends within 3 months.
A34: 5 | B34: For a renewal: add a new row in AGREEMENTS with 'Renewal?' = Yes, Renewal No. = 1 (or 2 for second renewal, etc.). Update the Lease End date in TENANTS.
A35: 6 | B35: Yellow cells = you fill in · Blue-text cells = formula, do not edit · Drop-down arrows appear when you click a cell in the relevant columns.

Sheet LOOKUP
A1: List Name | B1: Values
A2: UnitTypes | B2: Apartment
B3: Office
B4: Shop
B5: Warehouse
B6: Studio
B7: Penthouse
B8: Other
A9: StatusList | B9: Active
B10: Pending
B11: Expired
B12: Terminated
B13: Vacant
A14: FreqList | B14: Monthly
B15: Quarterly
B16: Semi-Annual
B17: Annual
A18: Currency | B18: GHS
B19: USD
B20: GBP
B21: EUR
B22: NGN
A23: PayMethod | B23: Cash
B24: Bank Transfer
B25: Mobile Money
B26: Cheque
B27: Standing Order
A28: YesNo | B28: Yes
B29: No

Sheet TENANT FORM
A1: 🏢 PROPERTY MANAGEMENT SYSTEM
A2: TENANT REGISTRATION FORM
A3: Complete all fields • Yellow cells are editable
B6: Tenant ID | D6: T-001
B7: Full Name / Company
B8: Phone
B9: Email
B10: ID / Reg No.
B11: Unit Number
B12: Unit Type
B13: Floor / Block
B14: Contract Start
B15: Contract End
B16: Monthly Rent
B17: Currency
B18: Payment Frequency
... B23: Additional Notes / Special Conditions
B31: Tenant Signature | E31: Property Manager
A35: Transfer approved tenant records into TENANTS sheet

Sheet TENANTS
A1: 🏢 TENANT REGISTER
A2: Yellow cells = data entry · Blue text = formula (do not edit) · Status updates automatically
A3: Tenant ID | B3: Full Name / Company | C3: Phone | D3: Email | E3: ID / Reg No. | F3: Unit No. | G3: Unit Type | H3: Floor / Block | I3: Contract Start | J3: Contract End | K3: Term (months) | L3: Monthly Rent | M3: Currency | N3: Payment Freq. | O3: Deposit Paid | P3: Payment Method | Q3: Days to Expiry | R3: Status
A4: T-001 | B4: Kwame Mensah Enterprises | C4: 0244123456 | D4: kwame@example.com | E4: GH-0012345 | F4: A-101 | G4: Office | H4: 1st / Block A | I4: 2024-01-01 | J4: 2024-12-31 | K4: =IFERROR(DATEDIF(I4,J4,"M"),"") | L4: 3500 | M4: GHS | N4: Monthly | O4: 7000 | P4: Bank Transfer | Q4: =IFERROR(IF(J4="","",J4-TODAY()),"") | R4: =IFERROR(IF(B4="","Vacant",IF(Q4<0,"Expired",IF(Q4<=30,"Expiring Soon",IF(Q4<=90,"Active - Review","Active")))),"Vacant")
K5: =IFERROR(DATEDIF(I5,J5,"M"),"") | Q5: =IFERROR(IF(J5="","",J5-TODAY()),"") | R5: =IFERROR(IF(B5="","Vacant",IF(Q5<0,"Expired",IF(Q5<=30,"Expiring Soon",IF(Q5<=90,"Active - Review","Active")))),"Vacant")
K6: =IFERROR(DATEDIF(I6,J6,"M"),"") | Q6: =IFERROR(IF(J6="","",J6-TODAY()),"") | R6: =IFERROR(IF(B6="","Vacant",IF(Q6<0,"Expired",IF(Q6<=30,"Expiring Soon",IF(Q6<=90,"Active - Review","Active")))),"Vacant")
K7: =IFERROR(DATEDIF(I7,J7,"M"),"") | Q7: =IFERROR(IF(J7="","",J7-TODAY()),"") | R7: =IFERROR(IF(B7="","Vacant",IF(Q7<0,"Expired",IF(Q7<=30,"Expiring Soon",IF(Q7<=90,"Active - Review","Active")))),"Vacant")
K8: =IFERROR(DATEDIF(I8,J8,"M"),"") | Q8: =IFERROR(IF(J8="","",J8-TODAY()),"") | R8: =IFERROR(IF(B8="","Vacant",IF(Q8<0,"Expired",IF(Q8<=30,"Expiring Soon",IF(Q8<=90,"Active - Review","Active")))),"Vacant")
K9: =IFERROR(DATEDIF(I9,J9,"M"),"") | Q9: =IFERROR(IF(J9="","",J9-TODAY()),"") | R9: =IFERROR(IF(B9="","Vacant",IF(Q9<0,"Expired",IF(Q9<=30,"Expiring Soon",IF(Q9<=90,"Active - Review","Active")))),"Vacant")
K10: =IFERROR(DATEDIF(I10,J10,"M"),"") | Q10: =IFERROR(IF(J10="","",J10-TODAY()),"") | R10: =IFERROR(IF(B10="","Vacant",IF(Q10<0,"Expired",IF(Q10<=30,"Expiring Soon",IF(Q10<=90,"Active - Review","Active")))),"Vacant")
K11: =IFERROR(DATEDIF(I11,J11,"M"),"") | Q11: =IFERROR(IF(J11="","",J11-TODAY()),"") | R11: =IFERROR(IF(B11="","Vacant",IF(Q11<0,"Expired",IF(Q11<=30,"Expiring Soon",IF(Q11<=90,"Active - Review","Active")))),"Vacant")
K12: =IFERROR(DATEDIF(I12,J12,"M"),"") | Q12: =IFERROR(IF(J12="","",J12-TODAY()),"") | R12: =IFERROR(IF(B12="","Vacant",IF(Q12<0,"Expired",IF(Q12<=30,"Expiring Soon",IF(Q12<=90,"Active - Review","Active")))),"Vacant")
K13: =IFERROR(DATEDIF(I13,J13,"M"),"") | Q13: =IFERROR(IF(J13="","",J13-TODAY()),"") | R13: =IFERROR(IF(B13="","Vacant",IF(Q13<0,"Expired",IF(Q13<=30,"Expiring Soon",IF(Q13<=90,"Active - Review","Active")))),"Vacant")
K14: =IFERROR(DATEDIF(I14,J14,"M"),"") | Q14: =IFERROR(IF(J14="","",J14-TODAY()),"") | R14: =IFERROR(IF(B14="","Vacant",IF(Q14<0,"Expired",IF(Q14<=30,"Expiring Soon",IF(Q14<=90,"Active - Review","Active")))),"Vacant")
K15: =IFERROR(DATEDIF(I15,J15,"M"),"") | Q15: =IFERROR(IF(J15="","",J15-TODAY()),"") | R15: =IFERROR(IF(B15="","Vacant",IF(Q15<0,"Expired",IF(Q15<=30,"Expiring Soon",IF(Q15<=90,"Active - Review","Active")))),"Vacant")
K16: =IFERROR(DATEDIF(I16,J16,"M"),"") | Q16: =IFERROR(IF(J16="","",J16-TODAY()),"") | R16: =IFERROR(IF(B16="","Vacant",IF(Q16<0,"Expired",IF(Q16<=30,"Expiring Soon",IF(Q16<=90,"Active - Review","Active")))),"Vacant")
... K53: =IFERROR(DATEDIF(I53,J53,"M"),"") | Q53: =IFERROR(IF(J53="","",J53-TODAY()),"") | R53: =IFERROR(IF(B53="","Vacant",IF(Q53<0,"Expired",IF(Q53<=30,"Expiring Soon",IF(Q53<=90,"Active - Review","Active")))),"Vacant")

Sheet ROOMS
A1: Room No | B1: Tenant ID | C1: Tenant Name | D1: Monthly Rent | E1: Status
A2: RM-01
A3: RM-02
A4: RM-03
A5: RM-04
A6: RM-05
A7: RM-06
A8: RM-07
A9: RM-08
A10: RM-09
A11: RM-10
A12: RM-11
A13: RM-12

Sheet AGREEMENTS
A1: 📋 LEASE AGREEMENTS & RENEWALS
A2: Each row = one agreement period. A renewed lease gets a new row. Link Tenant ID to the TENANTS sheet.
A3: Agr. ID | B3: Tenant ID | C3: Tenant Name | D3: Unit No. | E3: Original Start | F3: Lease Start | G3: Lease End | H3: Renewal? | I3: Renewal No. | J3: Term (months) | K3: Annual Rent | L3: Monthly Rent | M3: Currency | N3: Rent Increment% | O3: Next Review Date | P3: Notes
A4: AGR-001 | B4: T-001 | C4: Kwame Mensah Enterprises | D4: A-101 | E4: 45292 | F4: 45292 | G4: 45657 | H4: No | I4: 0 | J4: =IFERROR(DATEDIF(F4,G4,"M"),"") | K4: 42000 | L4: =IFERROR(IF(K4="","",K4/12),"") | M4: GHS | N4: 0.05 | O4: =IFERROR(IF(G4="","",G4-365),"")
J5: =IFERROR(DATEDIF(F5,G5,"M"),"") | L5: =IFERROR(IF(K5="","",K5/12),"") | O5: =IFERROR(IF(G5="","",G5-365),"")
J6: =IFERROR(DATEDIF(F6,G6,"M"),"") | L6: =IFERROR(IF(K6="","",K6/12),"") | O6: =IFERROR(IF(G6="","",G6-365),"")
J7: =IFERROR(DATEDIF(F7,G7,"M"),"") | L7: =IFERROR(IF(K7="","",K7/12),"") | O7: =IFERROR(IF(G7="","",G7-365),"")
J8: =IFERROR(DATEDIF(F8,G8,"M"),"") | L8: =IFERROR(IF(K8="","",K8/12),"") | O8: =IFERROR(IF(G8="","",G8-365),"")
J9: =IFERROR(DATEDIF(F9,G9,"M"),"") | L9: =IFERROR(IF(K9="","",K9/12),"") | O9: =IFERROR(IF(G9="","",G9-365),"")
J10: =IFERROR(DATEDIF(F10,G10,"M"),"") | L10: =IFERROR(IF(K10="","",K10/12),"") | O10: =IFERROR(IF(G10="","",G10-365),"")
J11: =IFERROR(DATEDIF(F11,G11,"M"),"") | L11: =IFERROR(IF(K11="","",K11/12),"") | O11: =IFERROR(IF(G11="","",G11-365),"")
J12: =IFERROR(DATEDIF(F12,G12,"M"),"") | L12: =IFERROR(IF(K12="","",K12/12),"") | O12: =IFERROR(IF(G12="","",G12-365),"")
J13: =IFERROR(DATEDIF(F13,G13,"M"),"") | L13: =IFERROR(IF(K13="","",K13/12),"") | O13: =IFERROR(IF(G13="","",G13-365),"")
J14: =IFERROR(DATEDIF(F14,G14,"M"),"") | L14: =IFERROR(IF(K14="","",K14/12),"") | O14: =IFERROR(IF(G14="","",G14-365),"")
J15: =IFERROR(DATEDIF(F15,G15,"M"),"") | L15: =IFERROR(IF(K15="","",K15/12),"") | O15: =IFERROR(IF(G15="","",G15-365),"")
J16: =IFERROR(DATEDIF(F16,G16,"M"),"") | L16: =IFERROR(IF(K16="","",K16/12),"") | O16: =IFERROR(IF(G16="","",G16-365),"")
... J53: =IFERROR(DATEDIF(F53,G53,"M"),"") | L53: =IFERROR(IF(K53="","",K53/12),"") | O53: =IFERROR(IF(G53="","",G53-365),"")
